Ngày,Lần cuối
16/11/2007,2530
19/11/2007,2405
20/11/2007,2300
21/11/2007,2384
22/11/2007,2384
23/11/2007,2300
26/11/2007,2279
27/11/2007,2195
28/11/2007,2237
29/11/2007,2237
30/11/2007,2216
03/12/2007,2216
04/12/2007,2195
05/12/2007,2175
06/12/2007,2195
07/12/2007,2133
10/12/2007,2039
11/12/2007,1945
12/12/2007,1965
13/12/2007,1892
14/12/2007,1903
17/12/2007,1903
18/12/2007,1956
19/12/2007,2051
20/12/2007,1987
21/12/2007,1987
24/12/2007,2008
25/12/2007,1987
26/12/2007,1987
27/12/2007,1987
28/12/2007,2008
02/01/2008,2019
03/01/2008,2030
04/01/2008,2051
07/01/2008,2082
08/01/2008,2178
09/01/2008,2283
10/01/2008,2262
11/01/2008,2241
14/01/2008,2241
15/01/2008,2135
16/01/2008,2220
17/01/2008,2114
18/01/2008,2156
21/01/2008,2114
22/01/2008,2051
23/01/2008,1956
24/01/2008,1966
25/01/2008,1966
28/01/2008,1977
29/01/2008,2019
30/01/2008,2114
31/01/2008,2072
01/02/2008,2135
12/02/2008,2114
13/02/2008,2051
14/02/2008,2061
15/02/2008,2051
18/02/2008,1966
19/02/2008,1956
20/02/2008,1860
21/02/2008,1776
22/02/2008,1712
25/02/2008,1797
26/02/2008,1734
27/02/2008,1755
28/02/2008,1744
29/02/2008,1702
03/03/2008,1617
04/03/2008,1543
05/03/2008,1490
06/03/2008,1564
07/03/2008,1638
10/03/2008,1712
11/03/2008,1702
12/03/2008,1734
13/03/2008,1744
14/03/2008,1712
17/03/2008,1628
18/03/2008,1554
19/03/2008,1554
20/03/2008,1533
21/03/2008,1459
24/03/2008,1395
25/03/2008,1332
26/03/2008,1374
27/03/2008,1385
28/03/2008,1395
31/03/2008,1406
01/04/2008,1417
02/04/2008,1427
03/04/2008,1438
04/04/2008,1448
07/04/2008,1469
08/04/2008,1490
09/04/2008,1469
10/04/2008,1448
11/04/2008,1427
16/04/2008,1406
17/04/2008,1417
18/04/2008,1395
21/04/2008,1374
22/04/2008,1353
23/04/2008,1332
24/04/2008,1311
25/04/2008,1290
28/04/2008,1311
29/04/2008,1332
05/05/2008,1353
06/05/2008,1374
07/05/2008,1374
08/05/2008,1353
09/05/2008,1332
12/05/2008,1311
13/05/2008,1290
14/05/2008,1269
15/05/2008,1247
16/05/2008,1226
19/05/2008,1205
20/05/2008,1184
21/05/2008,1163
22/05/2008,1142
23/05/2008,1121
26/05/2008,1099
30/05/2008,1078
02/06/2008,1057
03/06/2008,1036
04/06/2008,1017
05/06/2008,998
06/06/2008,979
09/06/2008,960
10/06/2008,941
11/06/2008,924
12/06/2008,941
13/06/2008,958
16/06/2008,977
17/06/2008,996
18/06/2008,977
19/06/2008,949
20/06/2008,922
23/06/2008,949
24/06/2008,977
25/06/2008,1004
26/06/2008,1034
27/06/2008,1057
30/06/2008,1089
01/07/2008,1121
02/07/2008,1152
03/07/2008,1184
04/07/2008,1216
07/07/2008,1247
08/07/2008,1279
09/07/2008,1311
10/07/2008,1343
11/07/2008,1382
14/07/2008,1424
15/07/2008,1465
16/07/2008,1495
17/07/2008,1539
18/07/2008,1584
21/07/2008,1539
22/07/2008,1495
23/07/2008,1450
24/07/2008,1421
25/07/2008,1462
28/07/2008,1495
29/07/2008,1539
30/07/2008,1584
31/07/2008,1628
01/08/2008,1672
04/08/2008,1643
05/08/2008,1613
06/08/2008,1658
07/08/2008,1687
08/08/2008,1732
11/08/2008,1776
12/08/2008,1820
13/08/2008,1865
14/08/2008,1909
15/08/2008,1953
18/08/2008,2042
19/08/2008,2131
20/08/2008,2205
21/08/2008,2294
22/08/2008,2190
25/08/2008,2279
26/08/2008,2205
27/08/2008,2101
28/08/2008,1998
29/08/2008,1909
03/09/2008,1998
04/09/2008,1953
05/09/2008,1865
08/09/2008,1835
09/09/2008,1865
10/09/2008,1805
11/09/2008,1790
12/09/2008,1715
15/09/2008,1790
16/09/2008,1715
17/09/2008,1655
18/09/2008,1580
19/09/2008,1655
22/09/2008,1730
23/09/2008,1760
24/09/2008,1700
25/09/2008,1775
26/09/2008,1836
29/09/2008,1760
30/09/2008,1685
01/10/2008,1625
02/10/2008,1625
03/10/2008,1580
06/10/2008,1502
07/10/2008,1429
08/10/2008,1360
09/10/2008,1294
10/10/2008,1231
13/10/2008,1171
14/10/2008,1228
15/10/2008,1288
16/10/2008,1249
17/10/2008,1255
20/10/2008,1213
21/10/2008,1249
22/10/2008,1201
23/10/2008,1144
24/10/2008,1086
27/10/2008,1032
28/10/2008,981
29/10/2008,981
30/10/2008,933
31/10/2008,978
03/11/2008,972
04/11/2008,1020
05/11/2008,1068
06/11/2008,1107
07/11/2008,1053
10/11/2008,1056
11/11/2008,1005
12/11/2008,963
13/11/2008,978
14/11/2008,999
17/11/2008,984
18/11/2008,954
19/11/2008,951
20/11/2008,906
21/11/2008,900
24/11/2008,909
25/11/2008,933
26/11/2008,912
27/11/2008,873
28/11/2008,915
01/12/2008,915
02/12/2008,897
03/12/2008,900
04/12/2008,906
05/12/2008,881
08/12/2008,837
09/12/2008,865
10/12/2008,847
11/12/2008,862
12/12/2008,903
15/12/2008,946
16/12/2008,900
17/12/2008,931
18/12/2008,940
19/12/2008,940
22/12/2008,971
23/12/2008,949
24/12/2008,949
25/12/2008,952
26/12/2008,965
29/12/2008,965
30/12/2008,996
31/12/2008,980
02/01/2009,965
05/01/2009,956
06/01/2009,971
07/01/2009,1002
08/01/2009,987
09/01/2009,990
12/01/2009,990
13/01/2009,974
14/01/2009,974
15/01/2009,971
16/01/2009,968
19/01/2009,956
20/01/2009,952
21/01/2009,937
22/01/2009,949
23/01/2009,959
02/02/2009,934
03/02/2009,915
04/02/2009,884
05/02/2009,850
06/02/2009,865
09/02/2009,906
10/02/2009,931
11/02/2009,924
12/02/2009,924
13/02/2009,918
16/02/2009,900
17/02/2009,862
18/02/2009,834
19/02/2009,844
20/02/2009,834
23/02/2009,794
24/02/2009,756
25/02/2009,794
26/02/2009,778
27/02/2009,794
02/03/2009,794
03/03/2009,769
04/03/2009,775
05/03/2009,794
06/03/2009,794
09/03/2009,791
10/03/2009,819
11/03/2009,853
12/03/2009,822
13/03/2009,816
16/03/2009,847
17/03/2009,884
18/03/2009,909
19/03/2009,865
20/03/2009,856
23/03/2009,853
24/03/2009,893
25/03/2009,937
26/03/2009,984
27/03/2009,996
30/03/2009,968
31/03/2009,956
01/04/2009,1002
02/04/2009,1052
03/04/2009,1102
07/04/2009,1155
08/04/2009,1105
09/04/2009,1105
10/04/2009,1158
13/04/2009,1214
14/04/2009,1275
15/04/2009,1224
16/04/2009,1284
17/04/2009,1246
20/04/2009,1188
21/04/2009,1246
22/04/2009,1307
23/04/2009,1294
24/04/2009,1281
27/04/2009,1262
28/04/2009,1278
29/04/2009,1287
04/05/2009,1351
05/05/2009,1418
06/05/2009,1469
07/05/2009,1543
08/05/2009,1562
11/05/2009,1591
12/05/2009,1645
13/05/2009,1565
14/05/2009,1565
15/05/2009,1629
18/05/2009,1581
19/05/2009,1597
20/05/2009,1677
21/05/2009,1629
22/05/2009,1581
25/05/2009,1645
26/05/2009,1597
27/05/2009,1581
28/05/2009,1527
29/05/2009,1549
01/06/2009,1613
02/06/2009,1677
03/06/2009,1677
04/06/2009,1741
05/06/2009,1821
08/06/2009,1901
09/06/2009,1981
10/06/2009,1885
11/06/2009,1965
12/06/2009,1901
15/06/2009,1821
16/06/2009,1741
17/06/2009,1821
18/06/2009,1837
19/06/2009,1837
22/06/2009,1757
23/06/2009,1677
24/06/2009,1757
25/06/2009,1773
26/06/2009,1805
29/06/2009,1805
30/06/2009,1725
01/07/2009,1677
02/07/2009,1741
03/07/2009,1757
06/07/2009,1837
07/07/2009,1805
08/07/2009,1805
09/07/2009,1821
10/07/2009,1773
13/07/2009,1725
14/07/2009,1709
15/07/2009,1741
16/07/2009,1757
17/07/2009,1757
20/07/2009,1709
21/07/2009,1725
22/07/2009,1757
23/07/2009,1821
24/07/2009,1901
27/07/2009,1965
28/07/2009,1885
29/07/2009,1853
30/07/2009,1821
31/07/2009,1901
03/08/2009,1885
04/08/2009,1917
05/08/2009,1949
06/08/2009,1949
07/08/2009,1981
10/08/2009,2060
11/08/2009,2156
12/08/2009,2188
13/08/2009,2220
14/08/2009,2188
17/08/2009,2156
18/08/2009,2156
19/08/2009,2220
20/08/2009,2220
21/08/2009,2220
24/08/2009,2252
25/08/2009,2220
26/08/2009,2220
27/08/2009,2204
28/08/2009,2236
31/08/2009,2220
01/09/2009,2220
03/09/2009,2204
04/09/2009,2156
07/09/2009,2140
08/09/2009,2236
09/09/2009,2332
10/09/2009,2300
11/09/2009,2268
14/09/2009,2252
15/09/2009,2236
16/09/2009,2204
17/09/2009,2204
18/09/2009,2204
21/09/2009,2300
22/09/2009,2300
23/09/2009,2364
24/09/2009,2332
25/09/2009,2316
28/09/2009,2300
29/09/2009,2316
30/09/2009,2284
01/10/2009,2236
02/10/2009,2172
05/10/2009,2156
06/10/2009,2156
07/10/2009,2252
08/10/2009,2252
09/10/2009,2284
12/10/2009,2381
13/10/2009,2316
14/10/2009,2397
15/10/2009,2446
16/10/2009,2381
19/10/2009,2381
20/10/2009,2430
21/10/2009,2478
22/10/2009,2592
23/10/2009,2640
26/10/2009,2624
27/10/2009,2576
28/10/2009,2543
29/10/2009,2495
30/10/2009,2495
02/11/2009,2381
03/11/2009,2284
04/11/2009,2235
05/11/2009,2252
06/11/2009,2203
09/11/2009,2106
10/11/2009,2025
11/11/2009,2122
12/11/2009,2203
13/11/2009,2252
16/11/2009,2187
17/11/2009,2171
18/11/2009,2268
19/11/2009,2333
20/11/2009,2268
23/11/2009,2171
24/11/2009,2138
25/11/2009,2041
26/11/2009,1944
27/11/2009,1928
30/11/2009,2009
01/12/2009,2073
02/12/2009,2025
03/12/2009,2009
04/12/2009,1992
07/12/2009,1992
08/12/2009,1944
09/12/2009,1847
10/12/2009,1798
11/12/2009,1717
14/12/2009,1798
15/12/2009,1798
16/12/2009,1717
17/12/2009,1668
18/12/2009,1668
21/12/2009,1749
22/12/2009,1830
23/12/2009,1814
24/12/2009,1847
25/12/2009,1928
28/12/2009,1863
29/12/2009,1814
30/12/2009,1879
31/12/2009,1895
04/01/2010,1976
05/01/2010,2073
06/01/2010,2138
07/01/2010,2203
08/01/2010,2106
11/01/2010,2073
12/01/2010,1992
13/01/2010,2041
14/01/2010,2009
15/01/2010,1976
18/01/2010,1911
19/01/2010,1960
20/01/2010,1944
21/01/2010,1895
22/01/2010,1895
25/01/2010,1928
26/01/2010,2009
27/01/2010,1944
28/01/2010,1911
29/01/2010,1944
01/02/2010,2025
02/02/2010,2073
03/02/2010,2090
04/02/2010,2090
05/02/2010,2041
08/02/2010,2041
09/02/2010,2041
10/02/2010,2073
11/02/2010,2073
12/02/2010,2090
22/02/2010,2073
23/02/2010,2009
24/02/2010,2009
25/02/2010,1992
26/02/2010,1960
01/03/2010,1992
02/03/2010,2041
03/03/2010,2073
04/03/2010,2073
05/03/2010,2090
08/03/2010,2138
09/03/2010,2138
10/03/2010,2171
11/03/2010,2235
12/03/2010,2235
15/03/2010,2219
16/03/2010,2154
17/03/2010,2106
18/03/2010,2154
19/03/2010,2138
22/03/2010,2106
23/03/2010,2090
24/03/2010,2106
25/03/2010,2057
26/03/2010,2073
29/03/2010,2073
30/03/2010,2057
31/03/2010,2025
01/04/2010,2073
02/04/2010,2106
05/04/2010,2171
06/04/2010,2171
07/04/2010,2187
08/04/2010,2187
09/04/2010,2187
12/04/2010,2187
13/04/2010,2171
14/04/2010,2171
15/04/2010,2203
16/04/2010,2187
19/04/2010,2187
20/04/2010,2187
21/04/2010,2187
22/04/2010,2219
26/04/2010,2235
27/04/2010,2347
28/04/2010,2352
29/04/2010,2318
04/05/2010,2313
05/05/2010,2260
06/05/2010,2260
07/05/2010,2206
10/05/2010,2182
11/05/2010,2182
12/05/2010,2133
13/05/2010,2138
14/05/2010,2138
17/05/2010,2065
18/05/2010,2046
19/05/2010,1978
20/05/2010,2065
21/05/2010,1968
24/05/2010,1968
25/05/2010,1920
26/05/2010,1983
27/05/2010,1983
28/05/2010,2041
31/05/2010,2036
01/06/2010,2041
02/06/2010,2041
03/06/2010,2041
04/06/2010,2041
07/06/2010,2031
08/06/2010,2007
09/06/2010,1997
10/06/2010,2017
11/06/2010,2017
14/06/2010,2022
15/06/2010,2031
16/06/2010,2022
17/06/2010,2012
18/06/2010,2012
21/06/2010,2007
22/06/2010,2012
23/06/2010,2017
24/06/2010,2012
25/06/2010,2002
28/06/2010,1992
29/06/2010,2007
30/06/2010,2017
01/07/2010,1983
02/07/2010,1968
05/07/2010,1992
06/07/2010,1944
07/07/2010,1905
08/07/2010,1886
09/07/2010,1886
12/07/2010,1886
13/07/2010,1944
14/07/2010,1905
15/07/2010,1895
16/07/2010,1895
19/07/2010,1895
20/07/2010,1890
21/07/2010,1871
22/07/2010,1856
23/07/2010,1847
26/07/2010,1842
27/07/2010,1818
28/07/2010,1784
29/07/2010,1720
30/07/2010,1740
02/08/2010,1740
03/08/2010,1769
04/08/2010,1788
05/08/2010,1764
06/08/2010,1798
09/08/2010,1759
10/08/2010,1706
11/08/2010,1691
12/08/2010,1613
13/08/2010,1652
16/08/2010,1735
17/08/2010,1715
18/08/2010,1701
19/08/2010,1696
20/08/2010,1749
23/08/2010,1754
24/08/2010,1706
25/08/2010,1657
26/08/2010,1701
27/08/2010,1701
30/08/2010,1784
31/08/2010,1871
01/09/2010,1944
06/09/2010,1949
07/09/2010,1876
08/09/2010,1890
09/09/2010,1895
10/09/2010,1827
13/09/2010,1832
14/09/2010,1832
15/09/2010,1842
16/09/2010,1852
17/09/2010,1944
20/09/2010,1939
21/09/2010,1852
22/09/2010,1876
23/09/2010,1876
24/09/2010,1876
27/09/2010,1866
28/09/2010,1876
29/09/2010,1876
30/09/2010,1871
01/10/2010,1876
04/10/2010,1886
05/10/2010,1920
06/10/2010,1934
07/10/2010,1929
08/10/2010,1924
11/10/2010,1939
12/10/2010,1895
13/10/2010,1895
14/10/2010,1890
15/10/2010,1895
18/10/2010,1895
19/10/2010,1890
20/10/2010,1856
21/10/2010,1871
22/10/2010,1895
25/10/2010,1910
26/10/2010,1915
27/10/2010,1900
28/10/2010,1900
29/10/2010,1905
01/11/2010,1905
02/11/2010,1905
03/11/2010,1915
04/11/2010,1905
05/11/2010,1934
08/11/2010,1920
09/11/2010,1890
10/11/2010,1890
11/11/2010,1847
12/11/2010,1842
15/11/2010,1837
16/11/2010,1818
17/11/2010,1774
18/11/2010,1803
19/11/2010,1803
22/11/2010,1818
23/11/2010,1861
24/11/2010,1871
25/11/2010,1876
26/11/2010,1866
29/11/2010,1944
30/11/2010,1939
01/12/2010,1965
02/12/2010,1975
03/12/2010,1970
06/12/2010,1944
07/12/2010,1878
08/12/2010,1821
09/12/2010,1878
10/12/2010,1949
13/12/2010,2026
14/12/2010,2021
15/12/2010,2006
16/12/2010,1995
17/12/2010,2000
20/12/2010,1995
21/12/2010,2006
22/12/2010,2000
23/12/2010,1995
24/12/2010,1990
27/12/2010,1990
28/12/2010,1985
29/12/2010,1980
30/12/2010,1980
31/12/2010,1980
04/01/2011,1970
05/01/2011,1924
06/01/2011,1903
07/01/2011,1929
10/01/2011,1919
11/01/2011,1898
12/01/2011,1888
13/01/2011,1898
14/01/2011,1898
17/01/2011,1908
18/01/2011,1913
19/01/2011,1970
20/01/2011,1970
21/01/2011,1965
24/01/2011,1944
25/01/2011,1919
26/01/2011,1929
27/01/2011,1980
28/01/2011,1980
08/02/2011,2006
09/02/2011,1995
10/02/2011,1990
11/02/2011,1980
14/02/2011,1944
15/02/2011,1908
16/02/2011,1888
17/02/2011,1867
18/02/2011,1857
21/02/2011,1765
22/02/2011,1693
23/02/2011,1683
24/02/2011,1637
25/02/2011,1693
28/02/2011,1627
01/03/2011,1596
02/03/2011,1525
03/03/2011,1519
04/03/2011,1519
07/03/2011,1519
08/03/2011,1519
09/03/2011,1591
10/03/2011,1668
11/03/2011,1750
14/03/2011,1663
15/03/2011,1709
16/03/2011,1678
17/03/2011,1709
18/03/2011,1791
21/03/2011,1765
22/03/2011,1791
23/03/2011,1816
24/03/2011,1832
25/03/2011,1842
28/03/2011,1847
29/03/2011,1842
30/03/2011,1801
31/03/2011,1791
01/04/2011,1786
04/04/2011,1791
05/04/2011,1786
06/04/2011,1837
07/04/2011,1801
08/04/2011,1801
13/04/2011,1791
14/04/2011,1796
15/04/2011,1801
18/04/2011,1796
19/04/2011,1765
20/04/2011,1760
21/04/2011,1739
22/04/2011,1704
25/04/2011,1775
26/04/2011,1760
27/04/2011,1780
28/04/2011,1765
29/04/2011,1750
04/05/2011,1801
05/05/2011,1806
06/05/2011,1801
09/05/2011,1796
10/05/2011,1801
11/05/2011,1801
12/05/2011,1775
13/05/2011,1791
16/05/2011,1786
17/05/2011,1755
18/05/2011,1745
19/05/2011,1739
20/05/2011,1653
23/05/2011,1586
24/05/2011,1530
25/05/2011,1463
26/05/2011,1535
27/05/2011,1612
30/05/2011,1560
31/05/2011,1637
01/06/2011,1719
02/06/2011,1765
03/06/2011,1765
06/06/2011,1714
07/06/2011,1786
08/06/2011,1739
09/06/2011,1745
10/06/2011,1739
13/06/2011,1724
14/06/2011,1709
15/06/2011,1673
16/06/2011,1699
17/06/2011,1622
20/06/2011,1612
21/06/2011,1663
22/06/2011,1688
23/06/2011,1642
24/06/2011,1627
27/06/2011,1596
28/06/2011,1612
29/06/2011,1591
30/06/2011,1566
01/07/2011,1535
04/07/2011,1606
05/07/2011,1606
06/07/2011,1586
07/07/2011,1545
08/07/2011,1519
11/07/2011,1519
12/07/2011,1479
13/07/2011,1504
14/07/2011,1494
15/07/2011,1473
18/07/2011,1479
19/07/2011,1473
20/07/2011,1545
21/07/2011,1479
22/07/2011,1479
25/07/2011,1489
26/07/2011,1494
27/07/2011,1514
28/07/2011,1519
29/07/2011,1550
01/08/2011,1519
02/08/2011,1509
03/08/2011,1489
04/08/2011,1504
05/08/2011,1509
08/08/2011,1463
09/08/2011,1402
10/08/2011,1392
11/08/2011,1376
12/08/2011,1366
15/08/2011,1376
16/08/2011,1381
17/08/2011,1427
18/08/2011,1484
19/08/2011,1427
22/08/2011,1484
23/08/2011,1473
24/08/2011,1433
25/08/2011,1433
26/08/2011,1427
29/08/2011,1484
30/08/2011,1484
31/08/2011,1489
01/09/2011,1494
05/09/2011,1514
06/09/2011,1504
07/09/2011,1525
08/09/2011,1560
09/09/2011,1571
12/09/2011,1535
13/09/2011,1545
14/09/2011,1484
15/09/2011,1463
16/09/2011,1427
19/09/2011,1484
20/09/2011,1458
21/09/2011,1433
22/09/2011,1473
23/09/2011,1443
26/09/2011,1417
27/09/2011,1407
28/09/2011,1417
29/09/2011,1407
30/09/2011,1412
03/10/2011,1397
04/10/2011,1407
05/10/2011,1407
06/10/2011,1407
07/10/2011,1402
10/10/2011,1402
11/10/2011,1397
12/10/2011,1381
13/10/2011,1376
14/10/2011,1386
17/10/2011,1371
18/10/2011,1366
19/10/2011,1356
20/10/2011,1351
21/10/2011,1356
24/10/2011,1346
25/10/2011,1340
26/10/2011,1361
27/10/2011,1356
28/10/2011,1397
31/10/2011,1366
01/11/2011,1340
02/11/2011,1284
03/11/2011,1269
04/11/2011,1253
07/11/2011,1192
08/11/2011,1156
09/11/2011,1141
10/11/2011,1085
11/11/2011,1054
14/11/2011,1023
15/11/2011,972
16/11/2011,1003
17/11/2011,993
18/11/2011,972
21/11/2011,957
22/11/2011,967
23/11/2011,1008
24/11/2011,1039
25/11/2011,1018
28/11/2011,1018
29/11/2011,1003
30/11/2011,967
01/12/2011,967
02/12/2011,982
05/12/2011,1028
06/12/2011,1054
07/12/2011,1054
08/12/2011,1013
09/12/2011,982
12/12/2011,977
13/12/2011,972
14/12/2011,977
15/12/2011,993
16/12/2011,1023
19/12/2011,998
20/12/2011,987
21/12/2011,972
22/12/2011,926
23/12/2011,921
26/12/2011,875
27/12/2011,834
28/12/2011,870
29/12/2011,870
30/12/2011,895
03/01/2012,870
04/01/2012,849
05/01/2012,824
06/01/2012,798
09/01/2012,793
10/01/2012,798
11/01/2012,798
12/01/2012,834
13/01/2012,849
16/01/2012,860
17/01/2012,860
18/01/2012,865
19/01/2012,895
20/01/2012,906
30/01/2012,945
31/01/2012,951
01/02/2012,996
02/02/2012,1041
03/02/2012,1047
06/02/2012,1086
07/02/2012,1081
08/02/2012,1131
09/02/2012,1165
10/02/2012,1109
13/02/2012,1058
14/02/2012,1081
15/02/2012,1064
16/02/2012,1058
17/02/2012,1069
20/02/2012,1120
21/02/2012,1097
22/02/2012,1148
23/02/2012,1204
24/02/2012,1261
27/02/2012,1323
28/02/2012,1261
29/02/2012,1294
01/03/2012,1300
02/03/2012,1334
05/03/2012,1396
06/03/2012,1351
07/03/2012,1368
08/03/2012,1300
09/03/2012,1294
12/03/2012,1238
13/03/2012,1249
14/03/2012,1249
15/03/2012,1306
16/03/2012,1244
19/03/2012,1261
20/03/2012,1283
21/03/2012,1311
22/03/2012,1300
23/03/2012,1300
26/03/2012,1294
27/03/2012,1289
28/03/2012,1283
29/03/2012,1283
30/03/2012,1300
03/04/2012,1311
04/04/2012,1294
05/04/2012,1323
06/04/2012,1306
09/04/2012,1306
10/04/2012,1328
11/04/2012,1390
12/04/2012,1458
13/04/2012,1452
16/04/2012,1519
17/04/2012,1497
18/04/2012,1446
19/04/2012,1407
20/04/2012,1407
23/04/2012,1401
24/04/2012,1429
25/04/2012,1480
26/04/2012,1446
27/04/2012,1463
02/05/2012,1418
03/05/2012,1413
04/05/2012,1458
07/05/2012,1474
08/05/2012,1519
09/05/2012,1514
10/05/2012,1519
11/05/2012,1525
14/05/2012,1452
15/05/2012,1401
16/05/2012,1384
17/05/2012,1373
18/05/2012,1351
21/05/2012,1390
22/05/2012,1390
23/05/2012,1384
24/05/2012,1356
25/05/2012,1407
28/05/2012,1390
29/05/2012,1373
30/05/2012,1356
31/05/2012,1351
01/06/2012,1351
04/06/2012,1294
05/06/2012,1294
06/06/2012,1328
07/06/2012,1356
08/06/2012,1351
11/06/2012,1351
12/06/2012,1345
13/06/2012,1334
14/06/2012,1328
15/06/2012,1390
18/06/2012,1407
19/06/2012,1368
20/06/2012,1368
21/06/2012,1368
22/06/2012,1368
25/06/2012,1368
26/06/2012,1351
27/06/2012,1373
28/06/2012,1351
29/06/2012,1351
02/07/2012,1345
03/07/2012,1323
04/07/2012,1323
05/07/2012,1317
06/07/2012,1306
09/07/2012,1294
10/07/2012,1272
11/07/2012,1272
12/07/2012,1289
13/07/2012,1311
16/07/2012,1294
17/07/2012,1300
18/07/2012,1300
19/07/2012,1317
20/07/2012,1294
23/07/2012,1306
24/07/2012,1294
25/07/2012,1294
26/07/2012,1294
27/07/2012,1294
30/07/2012,1294
31/07/2012,1294
01/08/2012,1283
02/08/2012,1278
03/08/2012,1289
06/08/2012,1289
07/08/2012,1289
08/08/2012,1289
09/08/2012,1306
10/08/2012,1283
13/08/2012,1283
14/08/2012,1289
15/08/2012,1283
16/08/2012,1278
17/08/2012,1283
20/08/2012,1289
21/08/2012,1227
22/08/2012,1176
23/08/2012,1120
24/08/2012,1148
27/08/2012,1092
28/08/2012,1120
29/08/2012,1171
30/08/2012,1216
31/08/2012,1216
04/09/2012,1238
05/09/2012,1221
06/09/2012,1210
07/09/2012,1204
10/09/2012,1148
11/09/2012,1103
12/09/2012,1097
13/09/2012,1148
14/09/2012,1204
17/09/2012,1261
18/09/2012,1199
19/09/2012,1227
20/09/2012,1171
21/09/2012,1227
24/09/2012,1171
25/09/2012,1131
26/09/2012,1126
27/09/2012,1109
28/09/2012,1086
01/10/2012,1137
02/10/2012,1126
03/10/2012,1171
04/10/2012,1199
05/10/2012,1216
08/10/2012,1227
09/10/2012,1204
10/10/2012,1204
11/10/2012,1216
12/10/2012,1216
15/10/2012,1187
16/10/2012,1232
17/10/2012,1289
18/10/2012,1323
19/10/2012,1300
22/10/2012,1300
23/10/2012,1323
24/10/2012,1311
25/10/2012,1341
26/10/2012,1369
29/10/2012,1334
30/10/2012,1327
31/10/2012,1312
01/11/2012,1284
02/11/2012,1228
05/11/2012,1207
06/11/2012,1214
07/11/2012,1270
08/11/2012,1312
09/11/2012,1298
12/11/2012,1284
13/11/2012,1256
14/11/2012,1305
15/11/2012,1327
16/11/2012,1312
19/11/2012,1312
20/11/2012,1312
21/11/2012,1270
22/11/2012,1320
23/11/2012,1277
26/11/2012,1270
27/11/2012,1291
28/11/2012,1291
29/11/2012,1312
30/11/2012,1284
03/12/2012,1327
04/12/2012,1341
05/12/2012,1341
06/12/2012,1355
07/12/2012,1341
10/12/2012,1355
11/12/2012,1390
12/12/2012,1397
13/12/2012,1376
14/12/2012,1355
17/12/2012,1404
18/12/2012,1383
19/12/2012,1418
20/12/2012,1411
21/12/2012,1461
24/12/2012,1447
25/12/2012,1482
26/12/2012,1454
27/12/2012,1475
28/12/2012,1482
02/01/2013,1489
03/01/2013,1503
04/01/2013,1552
07/01/2013,1630
08/01/2013,1701
09/01/2013,1686
10/01/2013,1693
11/01/2013,1679
14/01/2013,1651
15/01/2013,1644
16/01/2013,1665
17/01/2013,1616
18/01/2013,1616
21/01/2013,1566
22/01/2013,1538
23/01/2013,1531
24/01/2013,1637
25/01/2013,1672
28/01/2013,1679
29/01/2013,1722
30/01/2013,1785
31/01/2013,1757
01/02/2013,1743
04/02/2013,1715
05/02/2013,1743
06/02/2013,1820
07/02/2013,1842
08/02/2013,1842
18/02/2013,1856
19/02/2013,1849
20/02/2013,1856
21/02/2013,1729
22/02/2013,1750
25/02/2013,1792
26/02/2013,1686
27/02/2013,1672
28/02/2013,1708
01/03/2013,1693
04/03/2013,1581
05/03/2013,1538
06/03/2013,1609
07/03/2013,1665
08/03/2013,1679
11/03/2013,1743
12/03/2013,1792
13/03/2013,1736
14/03/2013,1771
15/03/2013,1778
18/03/2013,1757
19/03/2013,1764
20/03/2013,1778
21/03/2013,1792
22/03/2013,1757
25/03/2013,1799
26/03/2013,1813
27/03/2013,1799
28/03/2013,1813
29/03/2013,1835
01/04/2013,1962
02/04/2013,2011
03/04/2013,1983
04/04/2013,1976
05/04/2013,2025
08/04/2013,2018
09/04/2013,2018
10/04/2013,1905
11/04/2013,1926
12/04/2013,1919
15/04/2013,1884
16/04/2013,1891
17/04/2013,1891
18/04/2013,1842
22/04/2013,1835
23/04/2013,1870
24/04/2013,1884
25/04/2013,1919
26/04/2013,1940
02/05/2013,1983
03/05/2013,2011
06/05/2013,2039
07/05/2013,2011
08/05/2013,2046
09/05/2013,2117
10/05/2013,2159
13/05/2013,2131
14/05/2013,2060
15/05/2013,2145
16/05/2013,2152
17/05/2013,2117
20/05/2013,2209
21/05/2013,2216
22/05/2013,2216
23/05/2013,2187
24/05/2013,2216
27/05/2013,2279
28/05/2013,2300
29/05/2013,2314
30/05/2013,2314
31/05/2013,2314
03/06/2013,2272
04/06/2013,2223
05/06/2013,2244
06/06/2013,2258
07/06/2013,2251
10/06/2013,2244
11/06/2013,2216
12/06/2013,2152
13/06/2013,2194
14/06/2013,2173
17/06/2013,2110
18/06/2013,2110
19/06/2013,2096
20/06/2013,2067
21/06/2013,1990
24/06/2013,1997
25/06/2013,1912
26/06/2013,1912
27/06/2013,2011
28/06/2013,1990
01/07/2013,1955
02/07/2013,2004
03/07/2013,1990
04/07/2013,1955
05/07/2013,1976
08/07/2013,1947
09/07/2013,1955
10/07/2013,1947
11/07/2013,1933
12/07/2013,2032
15/07/2013,2089
16/07/2013,2074
17/07/2013,2074
18/07/2013,2131
19/07/2013,2159
22/07/2013,2166
23/07/2013,2216
24/07/2013,2173
25/07/2013,2138
26/07/2013,2131
29/07/2013,2089
30/07/2013,2152
31/07/2013,2138
01/08/2013,2138
02/08/2013,2152
05/08/2013,2159
06/08/2013,2159
07/08/2013,2223
08/08/2013,2216
09/08/2013,2209
12/08/2013,2209
13/08/2013,2216
14/08/2013,2230
15/08/2013,2265
16/08/2013,2293
19/08/2013,2293
20/08/2013,2300
21/08/2013,2329
22/08/2013,2272
23/08/2013,2251
26/08/2013,2258
27/08/2013,2258
28/08/2013,2173
29/08/2013,2145
30/08/2013,2202
03/09/2013,2231
04/09/2013,2172
05/09/2013,2216
06/09/2013,2289
09/09/2013,2253
10/09/2013,2311
11/09/2013,2384
12/09/2013,2413
13/09/2013,2384
16/09/2013,2406
17/09/2013,2406
18/09/2013,2384
19/09/2013,2391
20/09/2013,2406
23/09/2013,2551
24/09/2013,2515
25/09/2013,2486
26/09/2013,2537
27/09/2013,2551
30/09/2013,2559
01/10/2013,2522
02/10/2013,2537
03/10/2013,2515
04/10/2013,2566
07/10/2013,2646
08/10/2013,2653
09/10/2013,2632
10/10/2013,2595
11/10/2013,2617
14/10/2013,2624
15/10/2013,2639
16/10/2013,2632
17/10/2013,2632
18/10/2013,2632
21/10/2013,2624
22/10/2013,2632
23/10/2013,2675
24/10/2013,2675
25/10/2013,2675
28/10/2013,2661
29/10/2013,2661
30/10/2013,2668
31/10/2013,2712
01/11/2013,2712
04/11/2013,2726
05/11/2013,2726
06/11/2013,2756
07/11/2013,2770
08/11/2013,2770
11/11/2013,2807
12/11/2013,2792
13/11/2013,2756
14/11/2013,2909
15/11/2013,2879
18/11/2013,2894
19/11/2013,2872
20/11/2013,2916
21/11/2013,2879
22/11/2013,2879
25/11/2013,2894
26/11/2013,2952
27/11/2013,2930
28/11/2013,2938
29/11/2013,2938
02/12/2013,2938
03/12/2013,2945
04/12/2013,2930
05/12/2013,2909
06/12/2013,2901
09/12/2013,2858
10/12/2013,2858
11/12/2013,2836
12/12/2013,2821
13/12/2013,2777
16/12/2013,2792
17/12/2013,2836
18/12/2013,2836
19/12/2013,2872
20/12/2013,2836
23/12/2013,2901
24/12/2013,2901
25/12/2013,2901
26/12/2013,2952
27/12/2013,2989
30/12/2013,2989
31/12/2013,2996
02/01/2014,2996
03/01/2014,3033
06/01/2014,3084
07/01/2014,3076
08/01/2014,3098
09/01/2014,3149
10/01/2014,3142
13/01/2014,3156
14/01/2014,3280
15/01/2014,3353
16/01/2014,3463
17/01/2014,3681
20/01/2014,3791
21/01/2014,3936
22/01/2014,3681
23/01/2014,3441
24/01/2014,3382
27/01/2014,3324
06/02/2014,3528
07/02/2014,3477
10/02/2014,3484
11/02/2014,3470
12/02/2014,3565
13/02/2014,3587
14/02/2014,3543
17/02/2014,3499
18/02/2014,3535
19/02/2014,3521
20/02/2014,3419
21/02/2014,3463
24/02/2014,3543
25/02/2014,3791
26/02/2014,3718
27/02/2014,3608
28/02/2014,3528
03/03/2014,3535
04/03/2014,3484
05/03/2014,3528
06/03/2014,3572
07/03/2014,3543
10/03/2014,3557
11/03/2014,3638
12/03/2014,3754
13/03/2014,3718
14/03/2014,3645
17/03/2014,3572
18/03/2014,3638
19/03/2014,3827
20/03/2014,3791
21/03/2014,3791
24/03/2014,3864
25/03/2014,3754
26/03/2014,3754
27/03/2014,3827
28/03/2014,3864
31/03/2014,3864
01/04/2014,3791
02/04/2014,3791
03/04/2014,3827
04/04/2014,4046
07/04/2014,4155
08/04/2014,4119
10/04/2014,4155
11/04/2014,4082
14/04/2014,4155
15/04/2014,3973
16/04/2014,3936
17/04/2014,3936
18/04/2014,3791
21/04/2014,3791
22/04/2014,4046
23/04/2014,4046
24/04/2014,4093
25/04/2014,4274
28/04/2014,4248
29/04/2014,4282
05/05/2014,4162
06/05/2014,4127
07/05/2014,4075
08/05/2014,3791
09/05/2014,3981
12/05/2014,3791
13/05/2014,3817
14/05/2014,4050
15/05/2014,4032
16/05/2014,4058
19/05/2014,4230
20/05/2014,4196
21/05/2014,4179
22/05/2014,4222
23/05/2014,4394
26/05/2014,4394
27/05/2014,4394
28/05/2014,4480
29/05/2014,4394
30/05/2014,4394
02/06/2014,4394
03/06/2014,4394
04/06/2014,4222
05/06/2014,4187
06/06/2014,4308
09/06/2014,4394
10/06/2014,4308
11/06/2014,4308
12/06/2014,4299
13/06/2014,4480
16/06/2014,4437
17/06/2014,4523
18/06/2014,4523
19/06/2014,4523
20/06/2014,4437
23/06/2014,4610
24/06/2014,4610
25/06/2014,4610
26/06/2014,4610
27/06/2014,4610
30/06/2014,4653
01/07/2014,4653
02/07/2014,4610
03/07/2014,4739
04/07/2014,4782
07/07/2014,4739
08/07/2014,4739
09/07/2014,4782
10/07/2014,4739
11/07/2014,4739
14/07/2014,4825
15/07/2014,4911
16/07/2014,4954
17/07/2014,4997
18/07/2014,4997
21/07/2014,4954
22/07/2014,4911
23/07/2014,4868
24/07/2014,4954
25/07/2014,4868
28/07/2014,4739
29/07/2014,4739
30/07/2014,4739
31/07/2014,4954
01/08/2014,4868
04/08/2014,4825
05/08/2014,4911
06/08/2014,4911
07/08/2014,4868
08/08/2014,4825
11/08/2014,4825
12/08/2014,4782
13/08/2014,4911
14/08/2014,4911
15/08/2014,4911
18/08/2014,4868
19/08/2014,4954
20/08/2014,4954
21/08/2014,5040
22/08/2014,5126
25/08/2014,5170
26/08/2014,5256
27/08/2014,5170
28/08/2014,5040
29/08/2014,4997
03/09/2014,5126
04/09/2014,5256
05/09/2014,5256
08/09/2014,5256
09/09/2014,5083
10/09/2014,5083
11/09/2014,4954
12/09/2014,4997
15/09/2014,4997
16/09/2014,4954
17/09/2014,5040
18/09/2014,4997
19/09/2014,4825
22/09/2014,4868
23/09/2014,4954
24/09/2014,5040
25/09/2014,5040
26/09/2014,4997
29/09/2014,4997
30/09/2014,4954
01/10/2014,4997
02/10/2014,5083
03/10/2014,5083
06/10/2014,4954
07/10/2014,4954
08/10/2014,5083
09/10/2014,5040
10/10/2014,5040
13/10/2014,5040
14/10/2014,4868
15/10/2014,4782
16/10/2014,4566
17/10/2014,4610
20/10/2014,4739
21/10/2014,4739
22/10/2014,4825
23/10/2014,4696
24/10/2014,4696
27/10/2014,4566
28/10/2014,4653
29/10/2014,4696
30/10/2014,4696
31/10/2014,4739
03/11/2014,4868
04/11/2014,4825
05/11/2014,4782
06/11/2014,4739
07/11/2014,4868
10/11/2014,4868
11/11/2014,4954
12/11/2014,4954
13/11/2014,4954
14/11/2014,4911
17/11/2014,4911
18/11/2014,4911
19/11/2014,4782
20/11/2014,4868
21/11/2014,4782
24/11/2014,4739
25/11/2014,4739
26/11/2014,4610
27/11/2014,4696
28/11/2014,4610
01/12/2014,4653
02/12/2014,4653
03/12/2014,4739
04/12/2014,4739
05/12/2014,4782
08/12/2014,4696
09/12/2014,4480
10/12/2014,4566
11/12/2014,4523
12/12/2014,4566
15/12/2014,4480
16/12/2014,4291
17/12/2014,4118
18/12/2014,4162
19/12/2014,4162
22/12/2014,4437
23/12/2014,4437
24/12/2014,4437
25/12/2014,4394
26/12/2014,4308
29/12/2014,4437
30/12/2014,4523
31/12/2014,4566
05/01/2015,4566
06/01/2015,4610
07/01/2015,4566
08/01/2015,4566
09/01/2015,4653
12/01/2015,4653
13/01/2015,4653
14/01/2015,4653
15/01/2015,4653
16/01/2015,4566
19/01/2015,4523
20/01/2015,4566
21/01/2015,4610
22/01/2015,4566
23/01/2015,4437
26/01/2015,4291
27/01/2015,4351
28/01/2015,4351
29/01/2015,4256
30/01/2015,4118
02/02/2015,4093
03/02/2015,4024
04/02/2015,3894
05/02/2015,3869
06/02/2015,3963
09/02/2015,3860
10/02/2015,3989
11/02/2015,4170
12/02/2015,4205
13/02/2015,4239
24/02/2015,4248
25/02/2015,4170
26/02/2015,4127
27/02/2015,4058
02/03/2015,3981
03/03/2015,4058
04/03/2015,4058
05/03/2015,4075
06/03/2015,4067
09/03/2015,4187
10/03/2015,4136
11/03/2015,4093
12/03/2015,4032
13/03/2015,4006
16/03/2015,3886
17/03/2015,3877
18/03/2015,3843
19/03/2015,3791
20/03/2015,3989
23/03/2015,3877
24/03/2015,3817
25/03/2015,3791
26/03/2015,3782
27/03/2015,3782
30/03/2015,3791
31/03/2015,3800
01/04/2015,3791
02/04/2015,3800
03/04/2015,3869
06/04/2015,3825
07/04/2015,3825
08/04/2015,3808
09/04/2015,3808
10/04/2015,3808
13/04/2015,3808
14/04/2015,3817
15/04/2015,3877
16/04/2015,3869
17/04/2015,3929
20/04/2015,3886
21/04/2015,3886
22/04/2015,3886
23/04/2015,3834
24/04/2015,3834
27/04/2015,3791
04/05/2015,3731
05/05/2015,3808
06/05/2015,3748
07/05/2015,3774
08/05/2015,3730
11/05/2015,3664
12/05/2015,3558
13/05/2015,3478
14/05/2015,3545
15/05/2015,3452
18/05/2015,3280
19/05/2015,3306
20/05/2015,3531
21/05/2015,3531
22/05/2015,3558
25/05/2015,3531
26/05/2015,3597
27/05/2015,3545
28/05/2015,3545
29/05/2015,3518
01/06/2015,3492
02/06/2015,3478
03/06/2015,3386
04/06/2015,3399
05/06/2015,3346
08/06/2015,3439
09/06/2015,3571
10/06/2015,3743
11/06/2015,3809
12/06/2015,3783
15/06/2015,3796
16/06/2015,3822
17/06/2015,3756
18/06/2015,3743
19/06/2015,3637
22/06/2015,3677
23/06/2015,3730
24/06/2015,3690
25/06/2015,3624
26/06/2015,3611
29/06/2015,3703
30/06/2015,3822
01/07/2015,3730
02/07/2015,3783
03/07/2015,3796
06/07/2015,3888
07/07/2015,3981
08/07/2015,3941
09/07/2015,3862
10/07/2015,3822
13/07/2015,3796
14/07/2015,3862
15/07/2015,3783
16/07/2015,3915
17/07/2015,3994
20/07/2015,4034
21/07/2015,4153
22/07/2015,4431
23/07/2015,4378
24/07/2015,4576
27/07/2015,4708
28/07/2015,4536
29/07/2015,4417
30/07/2015,4444
31/07/2015,4298
03/08/2015,4298
04/08/2015,4312
05/08/2015,4444
06/08/2015,4391
07/08/2015,4510
10/08/2015,4603
11/08/2015,4563
12/08/2015,4404
13/08/2015,4325
14/08/2015,4312
17/08/2015,4193
18/08/2015,4246
19/08/2015,4206
20/08/2015,4113
21/08/2015,3994
24/08/2015,3716
25/08/2015,3968
26/08/2015,4166
27/08/2015,4140
28/08/2015,4179
31/08/2015,4113
01/09/2015,4113
03/09/2015,3981
04/09/2015,3928
07/09/2015,3862
08/09/2015,3994
09/09/2015,4060
10/09/2015,4021
11/09/2015,3928
14/09/2015,3875
15/09/2015,3862
16/09/2015,3928
17/09/2015,3968
18/09/2015,4074
21/09/2015,4193
22/09/2015,4206
23/09/2015,4179
24/09/2015,4153
25/09/2015,4113
28/09/2015,3994
29/09/2015,3981
30/09/2015,4021
01/10/2015,4060
02/10/2015,4087
05/10/2015,4153
06/10/2015,4232
07/10/2015,4166
08/10/2015,4259
09/10/2015,4285
12/10/2015,4338
13/10/2015,4285
14/10/2015,4272
15/10/2015,4272
16/10/2015,4232
19/10/2015,4232
20/10/2015,4153
21/10/2015,4126
22/10/2015,4153
23/10/2015,4206
26/10/2015,4219
27/10/2015,4193
28/10/2015,4153
29/10/2015,4166
30/10/2015,4166
02/11/2015,4126
03/11/2015,4166
04/11/2015,4113
05/11/2015,4100
06/11/2015,4100
09/11/2015,4060
10/11/2015,4034
11/11/2015,4007
12/11/2015,3981
13/11/2015,3981
16/11/2015,3915
17/11/2015,3994
18/11/2015,3981
19/11/2015,3941
20/11/2015,3955
23/11/2015,3994
24/11/2015,3981
25/11/2015,4113
26/11/2015,4193
27/11/2015,4140
30/11/2015,4034
01/12/2015,4007
02/12/2015,4047
03/12/2015,4047
04/12/2015,4007
07/12/2015,3955
08/12/2015,4007
09/12/2015,3941
10/12/2015,3888
11/12/2015,3941
14/12/2015,4047
15/12/2015,4047
16/12/2015,4034
17/12/2015,4021
18/12/2015,4021
21/12/2015,3968
22/12/2015,3928
23/12/2015,3902
24/12/2015,3902
25/12/2015,3902
28/12/2015,3822
29/12/2015,3822
30/12/2015,3875
31/12/2015,3862
04/01/2016,3809
05/01/2016,3769
06/01/2016,3836
07/01/2016,3730
08/01/2016,3664
11/01/2016,3664
12/01/2016,3703
13/01/2016,3637
14/01/2016,3505
15/01/2016,3373
18/01/2016,3280
19/01/2016,3333
20/01/2016,3333
21/01/2016,3373
22/01/2016,3386
25/01/2016,3597
26/01/2016,3492
27/01/2016,3545
28/01/2016,3505
29/01/2016,3637
01/02/2016,3531
02/02/2016,3545
03/02/2016,3545
04/02/2016,3571
05/02/2016,3571
15/02/2016,3492
16/02/2016,3531
17/02/2016,3531
18/02/2016,3545
19/02/2016,3571
22/02/2016,3597
23/02/2016,3597
24/02/2016,3597
25/02/2016,3611
26/02/2016,3756
29/02/2016,3690
01/03/2016,3624
02/03/2016,3597
03/03/2016,3571
04/03/2016,3637
07/03/2016,3677
08/03/2016,3822
09/03/2016,3769
10/03/2016,3783
11/03/2016,3809
14/03/2016,3968
15/03/2016,3968
16/03/2016,3955
17/03/2016,3968
18/03/2016,3928
21/03/2016,3941
22/03/2016,3902
23/03/2016,3875
24/03/2016,3809
25/03/2016,3836
28/03/2016,3955
29/03/2016,3941
30/03/2016,3902
31/03/2016,3902
01/04/2016,3836
04/04/2016,3862
05/04/2016,3875
06/04/2016,3994
07/04/2016,3981
08/04/2016,4074
11/04/2016,4166
12/04/2016,4193
13/04/2016,4113
14/04/2016,4153
15/04/2016,4140
19/04/2016,4087
20/04/2016,4126
21/04/2016,4166
22/04/2016,4325
25/04/2016,4365
26/04/2016,4365
27/04/2016,4325
28/04/2016,4298
29/04/2016,4431
04/05/2016,4629
05/05/2016,4629
06/05/2016,4497
09/05/2016,4484
10/05/2016,4431
11/05/2016,4563
12/05/2016,4497
13/05/2016,4404
16/05/2016,4391
17/05/2016,4444
18/05/2016,4378
19/05/2016,4391
20/05/2016,4391
23/05/2016,4457
24/05/2016,4457
25/05/2016,4457
26/05/2016,4391
27/05/2016,4404
30/05/2016,4470
31/05/2016,4470
01/06/2016,4550
02/06/2016,4656
03/06/2016,4708
06/06/2016,4682
07/06/2016,4801
08/06/2016,4880
09/06/2016,4854
10/06/2016,4894
13/06/2016,4827
14/06/2016,5013
15/06/2016,5026
16/06/2016,5039
17/06/2016,4946
20/06/2016,5079
21/06/2016,5185
22/06/2016,5237
23/06/2016,5304
24/06/2016,5132
27/06/2016,5158
28/06/2016,5118
29/06/2016,5198
30/06/2016,5237
01/07/2016,5264
04/07/2016,5277
05/07/2016,5317
06/07/2016,5423
07/07/2016,5661
08/07/2016,5647
11/07/2016,5356
12/07/2016,5436
13/07/2016,5502
14/07/2016,5317
15/07/2016,5370
18/07/2016,5595
19/07/2016,5555
20/07/2016,5436
21/07/2016,5449
22/07/2016,5317
25/07/2016,5409
26/07/2016,5595
27/07/2016,5714
28/07/2016,5899
29/07/2016,5886
01/08/2016,5833
02/08/2016,5647
03/08/2016,5714
04/08/2016,5634
05/08/2016,5700
08/08/2016,5661
09/08/2016,5727
10/08/2016,5991
11/08/2016,6084
12/08/2016,6057
15/08/2016,6124
16/08/2016,6216
17/08/2016,6428
18/08/2016,6454
19/08/2016,6375
22/08/2016,6415
23/08/2016,6520
24/08/2016,6481
25/08/2016,6747
26/08/2016,6684
29/08/2016,6511
30/08/2016,6574
31/08/2016,6715
01/09/2016,6653
05/09/2016,6590
06/09/2016,6637
07/09/2016,6904
08/09/2016,7045
09/09/2016,6951
12/09/2016,6747
13/09/2016,6857
14/09/2016,6841
15/09/2016,6935
16/09/2016,6982
19/09/2016,7155
20/09/2016,7131
21/09/2016,7155
22/09/2016,7249
23/09/2016,7202
26/09/2016,7210
27/09/2016,7257
28/09/2016,7327
29/09/2016,7280
30/09/2016,7170
03/10/2016,6982
04/10/2016,6896
05/10/2016,6841
06/10/2016,6731
07/10/2016,6449
10/10/2016,6151
11/10/2016,6574
12/10/2016,6402
13/10/2016,6480
14/10/2016,6339
17/10/2016,6245
18/10/2016,6386
19/10/2016,6472
20/10/2016,6456
21/10/2016,6433
24/10/2016,6307
25/10/2016,6213
26/10/2016,6205
27/10/2016,6205
28/10/2016,6402
31/10/2016,6394
01/11/2016,6339
02/11/2016,6198
03/11/2016,6166
04/11/2016,6213
07/11/2016,6449
08/11/2016,6511
09/11/2016,6425
10/11/2016,6511
11/11/2016,6425
14/11/2016,6464
15/11/2016,6590
16/11/2016,6606
17/11/2016,6558
18/11/2016,6480
21/11/2016,6590
22/11/2016,6574
23/11/2016,6535
24/11/2016,6543
25/11/2016,6551
28/11/2016,6386
29/11/2016,6331
30/11/2016,6606
01/12/2016,6551
02/12/2016,6621
05/12/2016,6653
06/12/2016,6417
07/12/2016,6409
08/12/2016,6417
09/12/2016,6417
12/12/2016,6386
13/12/2016,6362
14/12/2016,6535
15/12/2016,6480
16/12/2016,6558
19/12/2016,6511
20/12/2016,6480
21/12/2016,6574
22/12/2016,6668
23/12/2016,6739
26/12/2016,6872
27/12/2016,6770
28/12/2016,6841
29/12/2016,6778
30/12/2016,6770
03/01/2017,6904
04/01/2017,6904
05/01/2017,6919
06/01/2017,6809
09/01/2017,6770
10/01/2017,6880
11/01/2017,6904
12/01/2017,6849
13/01/2017,6778
16/01/2017,6590
17/01/2017,6590
18/01/2017,6527
19/01/2017,6504
20/01/2017,6621
23/01/2017,6590
24/01/2017,6590
25/01/2017,6637
02/02/2017,6700
03/02/2017,6778
06/02/2017,6919
07/02/2017,6998
08/02/2017,7006
09/02/2017,6990
10/02/2017,6959
13/02/2017,7021
14/02/2017,7076
15/02/2017,7084
16/02/2017,7013
17/02/2017,6951
20/02/2017,6590
21/02/2017,6629
22/02/2017,6307
23/02/2017,6370
24/02/2017,6347
27/02/2017,6315
28/02/2017,6276
01/03/2017,6417
02/03/2017,6590
03/03/2017,6433
06/03/2017,6464
07/03/2017,6464
08/03/2017,6472
09/03/2017,6590
10/03/2017,6606
13/03/2017,6606
14/03/2017,6598
15/03/2017,6519
16/03/2017,6558
17/03/2017,6480
20/03/2017,6566
21/03/2017,6723
22/03/2017,6653
23/03/2017,6708
24/03/2017,6755
27/03/2017,6755
28/03/2017,6739
29/03/2017,6809
30/03/2017,7049
31/03/2017,7190
03/04/2017,7519
04/04/2017,7602
05/04/2017,7402
07/04/2017,7496
10/04/2017,7519
11/04/2017,7508
12/04/2017,7437
13/04/2017,7414
14/04/2017,7272
17/04/2017,7178
18/04/2017,7119
19/04/2017,7284
20/04/2017,7166
21/04/2017,7166
24/04/2017,7072
25/04/2017,7013
26/04/2017,6872
27/04/2017,6943
28/04/2017,6919
03/05/2017,6849
04/05/2017,6872
05/05/2017,6872
08/05/2017,6860
09/05/2017,6990
10/05/2017,7061
11/05/2017,7096
12/05/2017,6990
15/05/2017,6943
16/05/2017,6825
17/05/2017,6837
18/05/2017,6708
19/05/2017,6755
22/05/2017,6802
23/05/2017,6837
24/05/2017,6908
25/05/2017,6908
26/05/2017,6872
29/05/2017,7013
30/05/2017,6908
31/05/2017,7155
01/06/2017,7131
02/06/2017,7061
05/06/2017,7049
06/06/2017,7178
07/06/2017,7390
08/06/2017,7414
09/06/2017,7402
12/06/2017,7272
13/06/2017,7390
14/06/2017,7449
15/06/2017,7625
16/06/2017,7755
19/06/2017,7667
20/06/2017,7768
21/06/2017,7692
22/06/2017,7730
23/06/2017,7743
26/06/2017,7755
27/06/2017,7705
28/06/2017,7718
29/06/2017,7831
30/06/2017,8044
03/07/2017,8296
04/07/2017,8296
05/07/2017,8271
06/07/2017,8371
07/07/2017,8296
10/07/2017,8321
11/07/2017,8271
12/07/2017,8296
13/07/2017,8447
14/07/2017,8472
17/07/2017,8258
18/07/2017,8057
19/07/2017,7994
20/07/2017,7956
21/07/2017,7894
24/07/2017,7944
25/07/2017,8044
26/07/2017,8245
27/07/2017,8157
28/07/2017,8157
31/07/2017,8120
01/08/2017,8220
02/08/2017,8120
03/08/2017,8120
04/08/2017,8044
07/08/2017,8107
08/08/2017,8120
09/08/2017,8007
10/08/2017,8044
11/08/2017,8220
14/08/2017,8547
15/08/2017,8421
16/08/2017,8610
17/08/2017,8459
18/08/2017,8484
21/08/2017,8321
22/08/2017,8359
23/08/2017,8421
24/08/2017,8472
25/08/2017,8522
28/08/2017,8648
29/08/2017,8660
30/08/2017,8761
31/08/2017,8811
01/09/2017,8824
05/09/2017,8899
06/09/2017,9050
07/09/2017,8924
08/09/2017,9037
11/09/2017,8874
12/09/2017,8912
13/09/2017,9276
14/09/2017,9226
15/09/2017,9301
18/09/2017,9465
19/09/2017,9553
20/09/2017,9528
21/09/2017,9427
22/09/2017,9477
25/09/2017,9427
26/09/2017,9402
27/09/2017,9477
28/09/2017,9490
29/09/2017,9779
02/10/2017,9817
03/10/2017,9754
04/10/2017,9967
05/10/2017,9754
06/10/2017,9766
09/10/2017,9917
10/10/2017,9980
11/10/2017,9942
12/10/2017,9930
13/10/2017,9791
16/10/2017,9553
17/10/2017,9804
18/10/2017,9653
19/10/2017,9502
20/10/2017,9414
23/10/2017,9326
24/10/2017,9427
25/10/2017,9389
26/10/2017,9301
27/10/2017,9477
30/10/2017,9251
31/10/2017,9301
01/11/2017,8974
02/11/2017,8748
03/11/2017,9100
06/11/2017,9276
07/11/2017,9276
08/11/2017,9314
09/11/2017,9314
10/11/2017,9364
13/11/2017,9213
14/11/2017,9402
15/11/2017,9741
16/11/2017,9716
17/11/2017,9603
20/11/2017,9402
21/11/2017,9440
22/11/2017,9628
23/11/2017,9603
24/11/2017,9829
27/11/2017,9867
28/11/2017,9905
29/11/2017,9879
30/11/2017,10357
01/12/2017,10432
04/12/2017,10558
05/12/2017,10458
06/12/2017,10621
07/12/2017,10546
08/12/2017,10357
11/12/2017,10106
12/12/2017,9980
13/12/2017,10131
14/12/2017,10219
15/12/2017,10483
18/12/2017,10810
19/12/2017,10960
20/12/2017,11061
21/12/2017,11086
22/12/2017,11149
25/12/2017,11023
26/12/2017,11036
27/12/2017,11413
28/12/2017,11513
29/12/2017,11777
02/01/2018,11991
03/01/2018,11966
04/01/2018,12117
05/01/2018,12066
08/01/2018,12444
09/01/2018,13298
10/01/2018,12997
11/01/2018,12997
12/01/2018,13097
15/01/2018,13726
16/01/2018,14078
17/01/2018,13474
18/01/2018,14078
19/01/2018,15008
22/01/2018,15988
25/01/2018,15460
26/01/2018,16063
29/01/2018,15460
30/01/2018,15410
31/01/2018,15661
01/02/2018,15334
02/02/2018,15360
05/02/2018,14329
06/02/2018,14580
07/02/2018,14957
08/02/2018,15008
09/02/2018,14656
12/02/2018,14781
13/02/2018,15234
21/02/2018,15083
22/02/2018,14807
23/02/2018,15485
26/02/2018,16189
27/02/2018,16114
28/02/2018,16591
01/03/2018,16767
02/03/2018,16667
05/03/2018,15510
06/03/2018,16063
07/03/2018,15360
08/03/2018,15536
09/03/2018,15460
12/03/2018,15586
13/03/2018,15460
14/03/2018,15536
15/03/2018,15234
16/03/2018,15133
19/03/2018,15862
20/03/2018,15460
21/03/2018,15837
22/03/2018,15787
23/03/2018,15435
26/03/2018,14807
27/03/2018,14932
28/03/2018,15058
29/03/2018,15284
30/03/2018,15184
02/04/2018,14832
03/04/2018,14706
04/04/2018,14832
05/04/2018,14781
06/04/2018,15184
09/04/2018,15284
10/04/2018,15284
11/04/2018,15209
12/04/2018,15510
13/04/2018,15385
16/04/2018,15108
17/04/2018,15008
18/04/2018,14832
19/04/2018,14329
20/04/2018,14781
23/04/2018,13977
24/04/2018,14078
26/04/2018,13449
27/04/2018,13525
02/05/2018,13675
03/05/2018,13650
04/05/2018,13575
07/05/2018,14078
08/05/2018,14329
09/05/2018,14329
10/05/2018,13876
11/05/2018,14002
14/05/2018,14027
15/05/2018,13927
16/05/2018,13575
17/05/2018,13323
18/05/2018,13550
21/05/2018,13374
22/05/2018,12695
23/05/2018,12997
24/05/2018,13173
25/05/2018,13097
28/05/2018,12242
29/05/2018,13072
30/05/2018,13273
31/05/2018,14103
01/06/2018,14329
04/06/2018,15083
05/06/2018,14832
06/06/2018,15284
07/06/2018,15561
08/06/2018,15410
11/06/2018,15234
12/06/2018,14957
13/06/2018,15274
14/06/2018,14993
15/06/2018,15133
18/06/2018,14148
19/06/2018,13497
20/06/2018,14078
21/06/2018,13814
22/06/2018,14412
25/06/2018,14605
26/06/2018,14465
27/06/2018,13902
28/06/2018,13673
29/06/2018,13514
02/07/2018,13514
03/07/2018,12775
04/07/2018,13057
05/07/2018,12705
06/07/2018,12951
09/07/2018,12564
10/07/2018,12494
11/07/2018,12107
12/07/2018,11878
13/07/2018,12529
16/07/2018,12494
17/07/2018,12705
18/07/2018,13092
19/07/2018,13092
20/07/2018,12916
23/07/2018,13004
24/07/2018,12459
25/07/2018,12494
26/07/2018,12846
27/07/2018,13127
30/07/2018,13039
31/07/2018,13145
01/08/2018,13233
02/08/2018,13110
03/08/2018,12775
06/08/2018,12723
07/08/2018,12723
08/08/2018,12916
09/08/2018,12863
10/08/2018,13022
13/08/2018,13479
14/08/2018,13550
15/08/2018,13198
16/08/2018,13198
17/08/2018,13268
20/08/2018,13110
21/08/2018,13198
22/08/2018,13374
23/08/2018,13409
24/08/2018,13497
27/08/2018,13708
28/08/2018,14042
29/08/2018,13937
30/08/2018,13954
31/08/2018,14060
04/09/2018,13726
05/09/2018,13585
06/09/2018,13602
07/09/2018,13972
10/09/2018,13796
11/09/2018,14078
12/09/2018,13902
13/09/2018,13990
14/09/2018,13902
17/09/2018,13884
18/09/2018,13884
19/09/2018,13954
20/09/2018,14394
21/09/2018,14535
24/09/2018,14535
25/09/2018,14517
26/09/2018,14429
27/09/2018,14623
28/09/2018,14887
01/10/2018,14922
02/10/2018,14535
03/10/2018,14535
04/10/2018,14570
05/10/2018,14588
08/10/2018,14500
09/10/2018,14429
10/10/2018,14570
11/10/2018,14042
12/10/2018,14359
15/10/2018,14201
16/10/2018,14341
17/10/2018,14429
18/10/2018,14429
19/10/2018,14341
22/10/2018,14113
23/10/2018,13902
24/10/2018,13796
25/10/2018,13726
26/10/2018,13690
29/10/2018,13673
30/10/2018,13620
31/10/2018,14166
01/11/2018,13937
02/11/2018,14078
05/11/2018,14078
06/11/2018,13937
07/11/2018,13778
08/11/2018,13690
09/11/2018,13233
12/11/2018,13215
13/11/2018,12987
14/11/2018,12599
15/11/2018,12318
16/11/2018,12388
19/11/2018,12476
20/11/2018,12846
21/11/2018,12846
22/11/2018,12599
23/11/2018,12511
26/11/2018,12529
27/11/2018,12529
28/11/2018,12388
29/11/2018,12036
30/11/2018,11684
03/12/2018,12247
04/12/2018,12177
05/12/2018,12423
06/12/2018,12177
07/12/2018,12195
10/12/2018,11878
11/12/2018,11772
12/12/2018,11825
13/12/2018,11966
14/12/2018,11790
17/12/2018,11403
18/12/2018,10945
19/12/2018,10453
20/12/2018,10541
21/12/2018,10541
24/12/2018,10734
25/12/2018,10699
26/12/2018,10664
27/12/2018,10893
28/12/2018,10893
02/01/2019,10840
03/01/2019,10382
04/01/2019,10453
07/01/2019,10329
08/01/2019,10153
09/01/2019,10382
10/01/2019,10488
11/01/2019,10329
14/01/2019,10312
15/01/2019,10312
16/01/2019,10365
17/01/2019,10171
18/01/2019,10277
21/01/2019,10400
22/01/2019,10382
23/01/2019,10576
24/01/2019,10505
25/01/2019,10453
28/01/2019,10470
29/01/2019,10453
30/01/2019,10206
31/01/2019,9749
01/02/2019,9608
11/02/2019,10171
12/02/2019,10382
13/02/2019,10875
14/02/2019,10910
15/02/2019,11121
18/02/2019,11315
19/02/2019,11156
20/02/2019,11332
21/02/2019,11508
22/02/2019,11931
25/02/2019,12247
26/02/2019,12142
27/02/2019,12107
28/02/2019,11825
01/03/2019,12054
04/03/2019,12441
05/03/2019,12335
06/03/2019,12318
07/03/2019,12001
08/03/2019,11948
11/03/2019,11896
12/03/2019,11913
13/03/2019,12089
14/03/2019,12036
15/03/2019,11227
18/03/2019,11209
19/03/2019,11227
20/03/2019,11368
21/03/2019,11262
22/03/2019,11244
25/03/2019,11051
26/03/2019,11121
27/03/2019,11385
28/03/2019,11420
29/03/2019,11332
01/04/2019,11244
02/04/2019,11297
03/04/2019,11297
04/04/2019,11403
05/04/2019,11438
08/04/2019,11403
09/04/2019,11297
10/04/2019,11244
11/04/2019,11244
12/04/2019,11280
16/04/2019,11174
17/04/2019,11121
18/04/2019,11016
19/04/2019,11121
22/04/2019,11209
23/04/2019,11227
24/04/2019,11737
25/04/2019,11649
26/04/2019,11825
02/05/2019,11966
03/05/2019,12019
06/05/2019,11772
07/05/2019,11790
08/05/2019,11667
09/05/2019,11579
10/05/2019,11561
13/05/2019,11280
14/05/2019,11403
15/05/2019,11403
16/05/2019,11368
17/05/2019,11350
20/05/2019,11544
21/05/2019,11579
22/05/2019,11614
23/05/2019,11526
24/05/2019,11315
27/05/2019,11332
28/05/2019,11280
29/05/2019,11438
30/05/2019,11262
31/05/2019,11297
03/06/2019,11086
04/06/2019,11118
05/06/2019,10889
06/06/2019,10386
07/06/2019,10500
10/06/2019,10477
11/06/2019,10523
12/06/2019,10569
13/06/2019,10523
14/06/2019,10500
17/06/2019,10271
18/06/2019,10546
19/06/2019,10912
20/06/2019,10797
21/06/2019,10843
24/06/2019,10683
25/06/2019,10569
26/06/2019,10477
27/06/2019,10317
28/06/2019,10752
01/07/2019,10523
02/07/2019,10340
03/07/2019,10134
04/07/2019,10203
05/07/2019,10203
08/07/2019,9951
09/07/2019,9768
10/07/2019,9768
11/07/2019,9860
12/07/2019,10020
15/07/2019,9814
16/07/2019,9882
17/07/2019,9768
18/07/2019,9585
19/07/2019,9425
22/07/2019,9494
23/07/2019,9928
24/07/2019,9860
25/07/2019,10248
26/07/2019,10317
29/07/2019,10111
30/07/2019,9837
31/07/2019,10317
01/08/2019,10340
02/08/2019,10271
05/08/2019,10134
06/08/2019,9951
07/08/2019,10111
08/08/2019,10660
09/08/2019,10569
12/08/2019,10797
13/08/2019,10729
14/08/2019,10729
15/08/2019,10637
16/08/2019,10546
19/08/2019,10546
20/08/2019,10477
21/08/2019,10614
22/08/2019,10546
23/08/2019,10706
26/08/2019,10431
27/08/2019,10248
28/08/2019,10180
29/08/2019,10134
30/08/2019,10157
03/09/2019,9905
04/09/2019,9882
05/09/2019,9928
06/09/2019,9791
09/09/2019,9699
10/09/2019,9745
11/09/2019,10088
12/09/2019,10317
13/09/2019,10340
16/09/2019,10363
17/09/2019,10386
18/09/2019,10523
19/09/2019,10500
20/09/2019,10363
23/09/2019,10065
24/09/2019,10134
25/09/2019,10020
26/09/2019,10180
27/09/2019,10134
30/09/2019,10043
01/10/2019,10020
02/10/2019,9951
03/10/2019,9860
04/10/2019,9768
07/10/2019,9745
08/10/2019,10020
09/10/2019,10020
10/10/2019,9837
11/10/2019,9837
14/10/2019,9814
15/10/2019,9768
16/10/2019,9745
17/10/2019,9791
18/10/2019,9791
21/10/2019,9699
22/10/2019,9882
23/10/2019,9997
24/10/2019,10065
25/10/2019,9974
28/10/2019,10157
29/10/2019,10157
30/10/2019,10065
31/10/2019,9974
01/11/2019,10020
04/11/2019,9951
05/11/2019,10020
06/11/2019,10065
07/11/2019,10386
08/11/2019,10386
11/11/2019,10431
12/11/2019,10523
13/11/2019,10363
14/11/2019,10363
15/11/2019,10363
18/11/2019,10477
19/11/2019,10431
20/11/2019,10248
21/11/2019,10065
22/11/2019,10111
25/11/2019,10180
26/11/2019,10363
27/11/2019,10340
28/11/2019,10340
29/11/2019,10454
02/12/2019,10500
03/12/2019,10729
04/12/2019,10729
05/12/2019,10569
06/12/2019,10912
09/12/2019,11072
10/12/2019,11163
11/12/2019,11163
12/12/2019,11072
13/12/2019,10889
16/12/2019,10866
17/12/2019,10592
18/12/2019,10317
19/12/2019,10431
20/12/2019,10523
23/12/2019,10546
24/12/2019,10614
25/12/2019,10592
26/12/2019,10523
27/12/2019,10775
30/12/2019,10820
31/12/2019,10752
02/01/2020,10980
03/01/2020,11049
06/01/2020,10980
07/01/2020,10843
08/01/2020,10729
09/01/2020,10980
10/01/2020,11072
13/01/2020,11095
14/01/2020,11438
15/01/2020,11507
16/01/2020,11575
17/01/2020,11438
20/01/2020,11667
21/01/2020,11827
22/01/2020,12033
30/01/2020,11575
31/01/2020,11026
03/02/2020,11232
04/02/2020,11255
05/02/2020,11186
06/02/2020,11530
07/02/2020,11141
10/02/2020,11141
11/02/2020,10797
12/02/2020,10889
13/02/2020,10843
14/02/2020,10843
17/02/2020,10866
18/02/2020,10660
19/02/2020,10637
20/02/2020,10866
21/02/2020,10775
24/02/2020,10386
25/02/2020,10569
26/02/2020,10409
27/02/2020,10500
28/02/2020,10226
02/03/2020,10203
03/03/2020,10203
04/03/2020,10226
05/03/2020,10226
06/03/2020,10248
09/03/2020,9539
10/03/2020,9905
11/03/2020,9402
12/03/2020,8807
13/03/2020,8716
16/03/2020,8739
17/03/2020,8784
18/03/2020,9013
19/03/2020,8762
20/03/2020,8510
23/03/2020,7915
24/03/2020,7824
25/03/2020,8144
26/03/2020,7755
27/03/2020,7412
30/03/2020,7480
31/03/2020,7709
01/04/2020,7892
03/04/2020,8075
06/04/2020,8624
07/04/2020,8693
08/04/2020,8556
09/04/2020,8487
10/04/2020,8601
13/04/2020,8853
14/04/2020,9128
15/04/2020,9196
16/04/2020,9265
17/04/2020,9471
20/04/2020,9699
21/04/2020,9242
22/04/2020,9516
23/04/2020,9882
24/04/2020,10111
27/04/2020,10043
28/04/2020,9791
29/04/2020,9837
04/05/2020,9608
05/05/2020,9791
06/05/2020,10157
07/05/2020,10797
08/05/2020,10706
11/05/2020,10958
12/05/2020,10820
13/05/2020,11026
14/05/2020,10958
15/05/2020,10752
18/05/2020,11484
19/05/2020,11964
20/05/2020,12101
21/05/2020,12124
22/05/2020,12467
25/05/2020,12490
26/05/2020,12994
27/05/2020,12445
28/05/2020,12445
29/05/2020,12536
01/06/2020,12650
02/06/2020,12376
03/06/2020,12330
04/06/2020,12170
05/06/2020,12376
08/06/2020,12673
09/06/2020,12399
10/06/2020,12353
11/06/2020,11667
12/06/2020,12124
15/06/2020,11621
16/06/2020,11987
17/06/2020,12010
18/06/2020,12262
19/06/2020,12513
22/06/2020,12490
23/06/2020,12353
24/06/2020,12353
25/06/2020,12490
26/06/2020,12445
29/06/2020,12193
30/06/2020,12262
01/07/2020,12536
02/07/2020,12628
03/07/2020,12582
06/07/2020,12628
07/07/2020,12971
08/07/2020,12833
09/07/2020,12879
10/07/2020,12696
13/07/2020,12650
14/07/2020,12765
15/07/2020,12833
16/07/2020,13085
17/07/2020,13062
20/07/2020,12811
21/07/2020,12856
22/07/2020,12856
23/07/2020,12902
24/07/2020,12284
27/07/2020,11873
28/07/2020,12513
29/07/2020,12126
30/07/2020,12321
31/07/2020,12098
03/08/2020,12767
04/08/2020,12823
05/08/2020,13436
06/08/2020,13408
07/08/2020,13492
10/08/2020,13548
11/08/2020,13520
12/08/2020,13548
13/08/2020,13659
14/08/2020,13436
17/08/2020,13548
18/08/2020,13464
19/08/2020,13520
20/08/2020,13436
21/08/2020,13576
24/08/2020,13826
25/08/2020,13687
26/08/2020,13492
27/08/2020,13548
28/08/2020,13548
31/08/2020,13687
01/09/2020,13826
03/09/2020,13938
04/09/2020,13910
07/09/2020,13659
08/09/2020,13743
09/09/2020,13659
10/09/2020,13687
11/09/2020,13631
14/09/2020,13715
15/09/2020,13771
16/09/2020,13771
17/09/2020,14161
18/09/2020,14328
21/09/2020,14328
22/09/2020,14245
23/09/2020,14384
24/09/2020,14300
25/09/2020,14356
28/09/2020,14718
29/09/2020,14691
30/09/2020,14718
01/10/2020,15053
02/10/2020,14886
05/10/2020,15248
06/10/2020,15750
07/10/2020,15499
08/10/2020,15666
09/10/2020,15889
12/10/2020,15750
13/10/2020,15610
14/10/2020,15806
15/10/2020,16196
16/10/2020,16224
19/10/2020,16112
20/10/2020,16363
21/10/2020,16224
22/10/2020,16503
23/10/2020,17227
26/10/2020,17172
27/10/2020,17506
28/10/2020,16949
29/10/2020,17060
30/10/2020,17032
02/11/2020,17060
03/11/2020,17116
04/11/2020,17088
05/11/2020,16865
06/11/2020,16949
09/11/2020,17562
10/11/2020,17450
11/11/2020,17450
12/11/2020,17534
13/11/2020,17813
16/11/2020,17980
17/11/2020,18593
18/11/2020,19290
19/11/2020,19625
20/11/2020,19903
23/11/2020,20907
24/11/2020,20907
25/11/2020,19848
26/11/2020,19569
27/11/2020,20210
30/11/2020,19792
01/12/2020,19848
02/12/2020,19680
03/12/2020,20545
04/12/2020,20600
07/12/2020,21297
08/12/2020,21409
09/12/2020,21464
10/12/2020,20963
11/12/2020,21632
14/12/2020,21883
15/12/2020,21520
16/12/2020,21632
17/12/2020,20991
18/12/2020,21520
21/12/2020,21492
22/12/2020,21938
23/12/2020,22301
24/12/2020,22273
25/12/2020,22719
28/12/2020,23165
29/12/2020,23193
30/12/2020,22802
31/12/2020,23109
04/01/2021,23583
05/01/2021,23611
06/01/2021,23862
07/01/2021,23862
08/01/2021,23834
11/01/2021,24001
12/01/2021,25033
13/01/2021,24921
14/01/2021,24782
15/01/2021,24810
18/01/2021,24865
19/01/2021,23193
20/01/2021,23248
21/01/2021,24642
22/01/2021,24336
25/01/2021,24364
26/01/2021,23583
27/01/2021,22468
28/01/2021,20907
29/01/2021,21827
01/02/2021,21381
02/02/2021,22579
03/02/2021,23416
04/02/2021,23304
05/02/2021,23694
08/02/2021,22802
09/02/2021,23304
17/02/2021,24224
18/02/2021,24447
19/02/2021,24224
22/02/2021,24196
23/02/2021,24140
24/02/2021,24308
25/02/2021,24614
26/02/2021,25423
01/03/2021,25757
02/03/2021,26036
03/03/2021,26092
04/03/2021,25590
05/03/2021,25646
08/03/2021,25813
09/03/2021,25562
10/03/2021,25423
11/03/2021,25869
12/03/2021,25897
15/03/2021,25925
16/03/2021,25702
17/03/2021,25813
18/03/2021,25980
19/03/2021,26287
22/03/2021,26064
23/03/2021,25980
24/03/2021,25339
25/03/2021,25088
26/03/2021,25757
29/03/2021,25813
30/03/2021,25897
31/03/2021,26092
01/04/2021,27040
02/04/2021,27346
05/04/2021,27486
06/04/2021,27541
07/04/2021,27569
08/04/2021,27513
09/04/2021,27625
12/04/2021,28545
13/04/2021,27932
14/04/2021,29548
15/04/2021,30385
16/04/2021,30440
19/04/2021,32224
20/04/2021,31890
22/04/2021,30663
23/04/2021,31444
26/04/2021,30719
27/04/2021,31388
28/04/2021,31221
29/04/2021,32392
04/05/2021,33340
05/05/2021,33061
06/05/2021,33117
07/05/2021,33897
10/05/2021,35124
11/05/2021,34566
12/05/2021,34956
13/05/2021,34287
14/05/2021,34232
17/05/2021,34510
18/05/2021,35347
19/05/2021,36852
20/05/2021,37131
21/05/2021,36573
24/05/2021,36462
25/05/2021,37577
26/05/2021,37800
27/05/2021,37242
28/05/2021,37409
31/05/2021,39885
01/06/2021,42004
02/06/2021,40869
03/06/2021,41096
04/06/2021,41247
07/06/2021,39885
08/06/2021,37841
09/06/2021,38068
10/06/2021,39052
11/06/2021,40187
14/06/2021,40566
15/06/2021,40263
16/06/2021,39204
17/06/2021,38901
18/06/2021,39431
21/06/2021,38749
22/06/2021,39128
23/06/2021,38901
24/06/2021,38295
25/06/2021,38371
28/06/2021,39658
29/06/2021,39204
30/06/2021,38976
01/07/2021,39960
02/07/2021,39582
05/07/2021,38749
06/07/2021,36328
07/07/2021,37766
08/07/2021,37084
09/07/2021,35798
12/07/2021,34019
13/07/2021,34436
14/07/2021,34057
15/07/2021,35192
16/07/2021,35382
19/07/2021,33527
20/07/2021,35798
21/07/2021,35382
22/07/2021,35722
23/07/2021,34663
26/07/2021,34511
27/07/2021,34965
28/07/2021,35344
29/07/2021,35646
30/07/2021,35798
02/08/2021,35760
03/08/2021,35760
04/08/2021,35949
05/08/2021,36933
06/08/2021,36630
09/08/2021,37614
10/08/2021,37387
11/08/2021,37047
12/08/2021,36630
13/08/2021,36820
16/08/2021,37425
17/08/2021,38144
18/08/2021,38144
19/08/2021,38522
20/08/2021,37084
23/08/2021,35949
24/08/2021,36138
25/08/2021,36630
26/08/2021,36101
27/08/2021,36025
30/08/2021,36857
31/08/2021,37311
01/09/2021,37236
06/09/2021,38749
07/09/2021,38371
08/09/2021,38825
09/09/2021,39279
10/09/2021,38976
13/09/2021,38447
14/09/2021,38068
15/09/2021,39052
16/09/2021,38825
17/09/2021,39204
20/09/2021,38825
21/09/2021,38447
22/09/2021,38522
23/09/2021,38598
24/09/2021,38447
27/09/2021,38447
28/09/2021,39809
29/09/2021,40339
30/09/2021,40036
01/10/2021,40414
04/10/2021,42004
05/10/2021,41852
06/10/2021,42458
07/10/2021,42079
08/10/2021,42155
11/10/2021,43290
12/10/2021,43139
13/10/2021,42988
14/10/2021,42988
15/10/2021,43366
18/10/2021,43820
19/10/2021,43290
20/10/2021,43063
21/10/2021,43290
22/10/2021,42912
25/10/2021,41701
26/10/2021,42609
27/10/2021,43820
28/10/2021,43896
29/10/2021,43215
01/11/2021,42155
02/11/2021,42004
03/11/2021,42079
04/11/2021,42609
05/11/2021,42836
08/11/2021,42988
09/11/2021,42761
10/11/2021,41852
11/11/2021,40869
12/11/2021,41323
15/11/2021,40566
16/11/2021,39355
17/11/2021,38901
18/11/2021,37803
19/11/2021,36328
22/11/2021,36820
23/11/2021,37501
24/11/2021,36820
25/11/2021,37274
26/11/2021,37122
29/11/2021,36630
30/11/2021,37047
01/12/2021,37084
02/12/2021,36782
03/12/2021,36101
06/12/2021,34625
07/12/2021,36025
08/12/2021,35722
09/12/2021,35646
10/12/2021,35192
13/12/2021,35230
14/12/2021,36101
15/12/2021,36176
16/12/2021,35949
17/12/2021,35344
20/12/2021,35495
21/12/2021,34890
22/12/2021,34133
23/12/2021,34019
24/12/2021,34852
27/12/2021,34738
28/12/2021,34663
29/12/2021,34663
30/12/2021,34587
31/12/2021,35117
04/01/2022,35382
05/01/2022,35419
06/01/2022,34890
07/01/2022,34663
10/01/2022,34549
11/01/2022,34133
12/01/2022,34965
13/01/2022,35344
14/01/2022,35003
17/01/2022,33830
18/01/2022,33300
19/01/2022,32922
20/01/2022,33300
21/01/2022,32771
24/01/2022,30803
25/01/2022,32733
26/01/2022,32884
27/01/2022,31900
28/01/2022,31938
07/02/2022,32581
08/02/2022,34473
09/02/2022,35798
10/02/2022,35571
11/02/2022,35684
14/02/2022,34965
15/02/2022,34814
16/02/2022,34814
17/02/2022,35192
18/02/2022,35609
21/02/2022,35306
22/02/2022,35117
23/02/2022,35344
24/02/2022,34814
25/02/2022,34738
28/02/2022,35722
01/03/2022,35495
02/03/2022,35495
03/03/2022,37917
04/03/2022,37690
07/03/2022,38674
08/03/2022,37425
09/03/2022,37728
10/03/2022,37198
11/03/2022,36025
14/03/2022,34663
15/03/2022,34927
16/03/2022,34965
17/03/2022,34776
18/03/2022,35192
21/03/2022,35457
22/03/2022,35495
23/03/2022,35419
24/03/2022,35117
25/03/2022,35117
28/03/2022,34738
29/03/2022,34700
30/03/2022,34436
31/03/2022,34133
01/04/2022,34587
04/04/2022,34700
05/04/2022,34890
06/04/2022,35760
07/04/2022,35230
08/04/2022,35117
12/04/2022,34133
13/04/2022,34208
14/04/2022,33981
15/04/2022,33452
18/04/2022,32279
19/04/2022,32771
20/04/2022,32695
21/04/2022,32808
22/04/2022,33149
25/04/2022,30841
26/04/2022,31181
27/04/2022,32165
28/04/2022,32619
29/04/2022,32771
04/05/2022,31787
05/05/2022,31825
06/05/2022,31635
09/05/2022,30235
10/05/2022,31106
11/05/2022,30765
12/05/2022,28949
13/05/2022,27170
16/05/2022,27473
17/05/2022,28911
18/05/2022,28911
19/05/2022,28684
20/05/2022,28494
23/05/2022,27813
24/05/2022,26413
25/05/2022,26073
26/05/2022,26489
27/05/2022,26829
30/05/2022,26829
31/05/2022,26262
01/06/2022,25997
02/06/2022,25089
03/06/2022,25278
06/06/2022,25202
07/06/2022,25127
08/06/2022,24900
09/06/2022,25581
10/06/2022,25429
13/06/2022,24067
14/06/2022,22932
15/06/2022,22251
16/06/2022,23462
17/06/2022,23200
20/06/2022,21600
21/06/2022,20800
22/06/2022,21500
23/06/2022,21800
24/06/2022,21800
27/06/2022,22900
28/06/2022,22500
29/06/2022,22750
30/06/2022,22300
01/07/2022,22400
04/07/2022,22000
05/07/2022,21900
06/07/2022,21450
07/07/2022,21750
08/07/2022,22450
11/07/2022,22050
12/07/2022,22300
13/07/2022,22300
14/07/2022,22200
15/07/2022,23200
18/07/2022,22600
19/07/2022,22150
20/07/2022,22350
21/07/2022,22700
22/07/2022,22200
25/07/2022,21900
26/07/2022,21650
27/07/2022,21250
28/07/2022,21400
29/07/2022,21500
01/08/2022,22800
02/08/2022,22900
03/08/2022,23750
04/08/2022,23650
05/08/2022,23300
08/08/2022,23600
09/08/2022,24100
10/08/2022,23800
11/08/2022,23400
12/08/2022,23950
15/08/2022,24000
16/08/2022,24550
17/08/2022,24300
18/08/2022,24150
19/08/2022,23750
22/08/2022,23350
23/08/2022,23650
24/08/2022,23500
25/08/2022,23850
26/08/2022,23500
29/08/2022,23000
30/08/2022,23050
31/08/2022,23000
05/09/2022,23900
06/09/2022,23550
07/09/2022,23000
08/09/2022,23100
09/09/2022,23800
12/09/2022,23800
13/09/2022,23700
14/09/2022,23700
15/09/2022,23600
16/09/2022,23000
19/09/2022,22650
20/09/2022,23000
21/09/2022,22900
22/09/2022,23000
23/09/2022,22700
26/09/2022,22400
27/09/2022,22400
28/09/2022,21800
29/09/2022,21650
30/09/2022,21200
03/10/2022,19750
04/10/2022,18850
05/10/2022,19200
06/10/2022,18000
07/10/2022,17600
10/10/2022,18350
11/10/2022,17500
12/10/2022,18700
13/10/2022,19500
14/10/2022,19450
17/10/2022,19250
18/10/2022,18850
19/10/2022,18400
20/10/2022,18100
21/10/2022,16900
24/10/2022,16400
25/10/2022,17100
26/10/2022,16900
27/10/2022,17400
28/10/2022,16800
31/10/2022,15650
01/11/2022,15000
02/11/2022,15350
03/11/2022,15200
04/11/2022,14650
07/11/2022,13700
08/11/2022,13150
09/11/2022,13000
10/11/2022,12100
11/11/2022,12300
14/11/2022,12200
15/11/2022,12500
16/11/2022,13350
17/11/2022,14250
18/11/2022,15100
21/11/2022,14950
22/11/2022,14800
23/11/2022,13800
24/11/2022,14350
25/11/2022,15300
28/11/2022,16350
29/11/2022,17400
30/11/2022,18400
01/12/2022,18200
02/12/2022,19450
05/12/2022,20000
06/12/2022,18600
07/12/2022,18250
08/12/2022,18900
09/12/2022,19200
12/12/2022,18600
13/12/2022,19000
14/12/2022,19200
15/12/2022,19350
16/12/2022,20400
19/12/2022,20000
20/12/2022,19000
21/12/2022,18900
22/12/2022,18900
23/12/2022,18350
26/12/2022,17100
27/12/2022,18250
28/12/2022,18200
29/12/2022,18000
30/12/2022,18000
03/01/2023,19250
04/01/2023,19400
05/01/2023,19800
06/01/2023,19400
09/01/2023,19600
10/01/2023,19800
11/01/2023,20200
12/01/2023,20050
13/01/2023,19950
16/01/2023,20250
17/01/2023,21650
18/01/2023,21700
19/01/2023,21150
27/01/2023,21500
30/01/2023,21750
31/01/2023,22100
01/02/2023,21100
02/02/2023,21300
03/02/2023,21100
06/02/2023,21150
07/02/2023,19750
08/02/2023,20850
09/02/2023,20600
10/02/2023,20500
13/02/2023,20200
14/02/2023,20600
15/02/2023,20800
16/02/2023,21300
17/02/2023,21000
20/02/2023,21900
21/02/2023,21600
22/02/2023,21200
23/02/2023,21500
24/02/2023,20800
27/02/2023,20100
28/02/2023,20000
01/03/2023,20900
02/03/2023,20600
03/03/2023,20350
06/03/2023,20400
07/03/2023,21100
08/03/2023,21200
09/03/2023,21200
10/03/2023,21300
13/03/2023,21100
14/03/2023,20300
15/03/2023,21300
16/03/2023,20850
17/03/2023,20400
20/03/2023,20000
21/03/2023,20450
